{"vegetation_index": 0.592522954383906, "soil_index": 0.5545708058473302}